[
    {
        "id": 1,
        "manufacturer": "BMW",
        "logoFileName": "bmw",
        "website": "https://www.bmwusa.com/"
    },
    {
        "id": 2,
        "manufacturer": "Chrysler",
        "logoFileName": "chrysler",
        "website": "https://www.chrysler.com/"
    },
    {
        "id": 3,
        "manufacturer": "Ford",
        "logoFileName": "ford",
        "website": "https://www.ford.com/"
    },
    {
        "id": 4,
        "manufacturer": "General Motors",
        "logoFileName": "gm",
        "website": "https://www.gm.com/"
    },
    {
        "id": 5,
        "manufacturer": "Honda",
        "logoFileName": "honda",
        "website": "https://www.honda.com/"
    },
    {
        "id": 6,
        "manufacturer": "Hyundai",
        "logoFileName": "hyundai",
        "website": "https://www.hyundaiusa.com/"
    },
    {
        "id": 7,
        "manufacturer": "Mazda",
        "logoFileName": "mazda",
        "website": "https://www.mazdausa.com/"
    },
    {
        "id": 8,
        "manufacturer": "Mercedes-Benz",
        "logoFileName": "mercedes",
        "website": "https://www.mbusa.com/en/home"
    },
    {
        "id": 9,
        "manufacturer": "Nissan",
        "logoFileName": "nissan",
        "website": "https://www.nissanusa.com/"
    },
    {
        "id": 10,
        "manufacturer": "Subaru",
        "logoFileName": "subaru",
        "website": "https://www.subaru.com/"
    },
    {
        "id": 11,
        "manufacturer": "Suzuki",
        "logoFileName": "suzuki",
        "website": "https://www.globalsuzuki.com/"
    },
    {
        "id": 12,
        "manufacturer": "Toyota",
        "logoFileName": "toyota",
        "website": "https://www.toyota.com/"
    },
    {
        "id": 13,
        "manufacturer": "Volkswagen",
        "logoFileName": "vw",
        "website": "https://www.vw.com/"
    },
    {
        "id": 14,
        "manufacturer": "Volvo",
        "logoFileName": "volvo",
        "website": "https://www.volvo.com/"
    }
]
